{"accuracy": 0.35, "f1_macro": 0.1728395061728395, "f1_weighted": 0.18148148148148147}